Step,Regret
1,[0.0757087]
2,[0.0757087]
3,[0.07123586]
4,[0.07123586]
5,[0.07066315]
6,[0.06127999]
7,[0.06127999]
8,[0.04652622]
9,[0.04652622]
10,[0.04652622]
11,[0.04652622]
12,[0.04652622]
13,[0.04652622]
14,[0.04652622]
15,[0.]
16,[0.]
17,[0.]
1,[0.]
2,[0.]
3,[0.]
4,[0.]
5,[0.]
6,[0.]
7,[0.]
8,[0.]
9,[0.]
10,[0.]
11,[0.]
12,[0.]
13,[0.]
14,[0.]
15,[0.]
16,[0.]
17,[0.]
18,[0.]
19,[0.]
20,[0.]
21,[0.]
22,[0.]
23,[0.]
24,[0.]
25,[0.]
26,[0.]
27,[0.]
28,[0.]
29,[0.]
30,[0.]
1,[0.00076309]
2,[0.00076309]
3,[0.00076309]
4,[0.00076309]
5,[0.00076309]
6,[0.00076309]
7,[0.00076309]
8,[0.00076309]
9,[0.00076309]
10,[0.00076309]
11,[0.00076309]
12,[0.00076309]
13,[0.00076309]
14,[0.00076309]
15,[0.00076309]
16,[0.00076309]
17,[0.00076309]
18,[0.00076309]
19,[0.00076309]
20,[0.00076309]
1,[0.03225878]
2,[0.03225878]
3,[0.03225878]
4,[0.02770367]
5,[0.02770367]
6,[0.02770367]
7,[0.02418482]
8,[0.02418482]
9,[0.00902961]
10,[0.00902961]
11,[0.00902961]
12,[0.00902961]
13,[0.00902961]
14,[0.00902961]
15,[0.00902961]
16,[0.00902961]
1,[0.00571802]
2,[0.00571802]
3,[0.00571802]
4,[0.00501116]
5,[0.]
6,[0.]
7,[0.]
8,[0.]
9,[0.]
10,[0.]
11,[0.]
12,[0.]
13,[0.]
14,[0.]
15,[0.]
16,[0.]
17,[0.]
1,[0.08644755]
2,[0.08644755]
3,[0.08644755]
4,[0.08644755]
5,[0.08644755]
6,[0.07477951]
7,[0.07477951]
8,[0.04753047]
9,[0.04753047]
10,[0.]
11,[0.]
12,[0.]
13,[0.]
14,[0.]
15,[0.]
16,[0.]
17,[0.]
18,[0.]
19,[0.]
20,[0.]
21,[0.]
22,[0.]
23,[0.]
24,[0.]
25,[0.]
26,[0.]
27,[0.]
28,[0.]
29,[0.]
30,[0.]
31,[0.]
32,[0.]
33,[0.]
34,[0.]
35,[0.]
36,[0.]
37,[0.]
38,[0.]
39,[0.]
40,[0.]
41,[0.]
42,[0.]
43,[0.]
44,[0.]
45,[0.]
46,[0.]
47,[0.]
48,[0.]
49,[0.]
50,[0.]
51,[0.]
52,[0.]
53,[0.]
54,[0.]
55,[0.]
56,[0.]
57,[0.]
58,[0.]
1,[0.04266804]
2,[0.04266804]
3,[0.02969822]
4,[0.02969822]
5,[0.02969822]
1,[0.00776845]
2,[0.00776845]
3,[0.00776845]
4,[0.00776845]
5,[0.00776845]
6,[0.00776845]
7,[0.00776845]
8,[0.00776845]
9,[0.00776845]
10,[0.00776845]
11,[0.00776845]
12,[0.00105071]
13,[0.00105071]
14,[0.00105071]
15,[0.00105071]
16,[0.00105071]
17,[0.00105071]
18,[0.00105071]
19,[0.00105071]
20,[0.00105071]
21,[0.00105071]
22,[0.00105071]
23,[0.00105071]
24,[0.00105071]
25,[0.00105071]
26,[0.00105071]
27,[0.00105071]
28,[0.00105071]
29,[0.00105071]
30,[0.00105071]
31,[0.00105071]
32,[0.00105071]
33,[0.00105071]
34,[0.00105071]
35,[0.00105071]
36,[0.00105071]
37,[0.00105071]
1,[0.12432784]
2,[0.12432784]
3,[0.12321133]
4,[0.12321133]
5,[0.12321133]
6,[0.12321133]
7,[0.12321133]
8,[0.12321133]
9,[0.12321133]
10,[0.12321133]
11,[0.12321133]
12,[0.12321133]
13,[0.12321133]
14,[0.12321133]
15,[0.12321133]
16,[0.12321133]
17,[0.06990784]
18,[0.06990784]
19,[0.06990784]
20,[0.06990784]
21,[0.06990784]
22,[0.06990784]
23,[0.06990784]
24,[0.06990784]
25,[0.06990784]
26,[0.06990784]
27,[0.06990784]
28,[0.06990784]
29,[0.06990784]
30,[0.06990784]
31,[0.06990784]
32,[0.06990784]
33,[0.06990784]
34,[0.06990784]
35,[0.05626747]
36,[0.05626747]
37,[0.05626747]
38,[0.05626747]
39,[0.05626747]
40,[0.05626747]
41,[0.05626747]
42,[0.05626747]
43,[0.05626747]
44,[0.05626747]
45,[0.05626747]
46,[0.05626747]
47,[0.05626747]
48,[0.05626747]
49,[0.05626747]
50,[0.05626747]
51,[0.05626747]
52,[0.05626747]
53,[0.05626747]
54,[0.05626747]
55,[0.05626747]
56,[0.05626747]
57,[0.05626747]
58,[0.05626747]
59,[0.05626747]
60,[0.05626747]
61,[0.05626747]
62,[0.05626747]
63,[0.05626747]
64,[0.05626747]
65,[0.05626747]
66,[0.05626747]
67,[0.05626747]
68,[0.05626747]
69,[0.05626747]
70,[0.05626747]
71,[0.05626747]
72,[0.05626747]
73,[0.05626747]
74,[0.05626747]
75,[0.05626747]
76,[0.05626747]
77,[0.05626747]
78,[0.]
79,[0.]
80,[0.]
81,[0.]
1,[0.02475446]
2,[0.02475446]
3,[0.02475446]
4,[0.02475446]
5,[0.02475446]
6,[0.02475446]
7,[0.02475446]
8,[0.02475446]
9,[0.02475446]
10,[0.02475446]
11,[0.02475446]
12,[0.02475446]
13,[0.02475446]
14,[0.02475446]
15,[0.]
16,[0.]
17,[0.]
18,[0.]
19,[0.]
20,[0.]
21,[0.]
22,[0.]
23,[0.]
24,[0.]
25,[0.]
26,[0.]
27,[0.]
28,[0.]
1,[0.04647904]
2,[0.03660221]
3,[0.00094126]
4,[0.00094126]
5,[0.00094126]
6,[0.00094126]
7,[0.00094126]
8,[0.00094126]
9,[0.00094126]
10,[0.00094126]
11,[0.00094126]
12,[0.00094126]
13,[0.00094126]
14,[0.00094126]
15,[0.00094126]
16,[0.00094126]
17,[0.00094126]
18,[0.00094126]
19,[0.00094126]
20,[0.00094126]
21,[0.00094126]
22,[0.00094126]
23,[0.00094126]
24,[0.00094126]
25,[0.00094126]
26,[0.00094126]
27,[0.00094126]
28,[0.00094126]
29,[0.00094126]
30,[0.00094126]
31,[0.00094126]
32,[0.00094126]
33,[0.00094126]
34,[0.00094126]
35,[0.00094126]
36,[0.00094126]
37,[0.00094126]
38,[0.00094126]
39,[0.00094126]
40,[0.00094126]
41,[0.00094126]
42,[0.00094126]
43,[0.00094126]
44,[0.00094126]
45,[0.00094126]
46,[0.00094126]
47,[0.00094126]
48,[0.00094126]
49,[0.00094126]
50,[0.00094126]
51,[0.00094126]
52,[0.00094126]
53,[0.]
54,[0.]
55,[0.]
56,[0.]
57,[0.]
58,[0.]
59,[0.]
60,[0.]
61,[0.]
62,[0.]
63,[0.]
64,[0.]
65,[0.]
66,[0.]
67,[0.]
68,[0.]
69,[0.]
70,[0.]
71,[0.]
1,[0.04712617]
2,[0.04712617]
3,[0.04712617]
4,[0.04712617]
1,[0.04057464]
2,[0.04057464]
3,[0.04057464]
4,[0.04057464]
5,[0.04057464]
6,[0.04057464]
7,[0.04057464]
8,[0.04057464]
9,[0.02978831]
10,[0.02978831]
11,[0.02978831]
12,[0.02978831]
13,[0.02978831]
14,[0.02978831]
15,[0.02978831]
16,[0.02978831]
17,[0.02978831]
18,[0.02978831]
19,[0.02978831]
20,[0.02978831]
21,[0.02978831]
22,[0.02978831]
23,[0.02978831]
24,[0.02978831]
25,[0.02978831]
26,[0.02978831]
27,[0.02978831]
28,[0.02978831]
29,[0.02978831]
30,[0.02978831]
31,[0.02242676]
32,[0.02242676]
33,[0.02242676]
34,[0.02242676]
35,[0.02242676]
36,[0.02242676]
37,[0.02242676]
38,[0.02242676]
39,[0.02242676]
40,[0.02242676]
41,[0.02242676]
42,[0.02242676]
43,[0.02242676]
44,[0.02242676]
45,[0.02242676]
46,[0.02242676]
47,[0.02242676]
48,[0.02242676]
49,[0.02242676]
50,[0.02242676]
51,[0.02242676]
52,[0.02242676]
53,[0.02242676]
54,[0.02242676]
55,[0.02242676]
56,[0.02242676]
57,[0.02242676]
58,[0.02242676]
59,[0.02242676]
60,[0.02242676]
61,[0.02242676]
62,[0.02242676]
63,[0.02242676]
64,[0.02242676]
65,[0.02242676]
66,[0.02242676]
67,[0.02242676]
68,[0.02242676]
69,[0.02242676]
70,[0.0186227]
71,[0.0186227]
72,[0.0186227]
73,[0.0186227]
74,[0.0186227]
75,[0.0186227]
76,[0.]
77,[0.]
78,[0.]
79,[0.]
80,[0.]
81,[0.]
82,[0.]
83,[0.]
84,[0.]
85,[0.]
86,[0.]
87,[0.]
1,[0.07509183]
2,[0.06140849]
3,[0.02719643]
4,[0.02719643]
5,[0.02719643]
6,[0.02719643]
7,[0.02719643]
8,[0.02719643]
9,[0.]
10,[0.]
11,[0.]
12,[0.]
13,[0.]
14,[0.]
15,[0.]
16,[0.]
17,[0.]
18,[0.]
19,[0.]
20,[0.]
21,[0.]
22,[0.]
23,[0.]
24,[0.]
25,[0.]
26,[0.]
27,[0.]
28,[0.]
29,[0.]
30,[0.]
31,[0.]
32,[0.]
33,[0.]
34,[0.]
35,[0.]
36,[0.]
37,[0.]
38,[0.]
39,[0.]
40,[0.]
41,[0.]
42,[0.]
43,[0.]
44,[0.]
45,[0.]
1,[0.07924652]
2,[0.07924652]
3,[0.07924652]
1,[0.16664438]
2,[0.12992996]
3,[0.05414651]
4,[0.05414651]
5,[0.05414651]
6,[0.05414651]
7,[0.05414651]
8,[0.05414651]
9,[0.05414651]
10,[0.05414651]
11,[0.05414651]
12,[0.05414651]
1,[0.]
2,[0.]
3,[0.]
4,[0.]
5,[0.]
6,[0.]
7,[0.]
1,[0.02096102]
2,[0.02096102]
3,[0.02096102]
4,[0.02096102]
5,[0.02096102]
6,[0.02096102]
7,[0.02096102]
8,[0.02096102]
9,[0.02096102]
10,[0.02096102]
1,[0.16929717]
2,[0.00098829]
3,[0.00098829]
4,[0.00098829]
5,[0.]
6,[0.]
7,[0.]
8,[0.]
9,[0.]
10,[0.]
11,[0.]
12,[0.]
13,[0.]
14,[0.]
15,[0.]
16,[0.]
17,[0.]
1,[0.07450833]
2,[0.07450833]
3,[0.07450833]
4,[0.07450833]
5,[0.07450833]
6,[0.07450833]
7,[0.07450833]
8,[0.07450833]
9,[0.07450833]
10,[0.07450833]
11,[0.02226744]
12,[0.02226744]
13,[0.02226744]
14,[0.02226744]
15,[0.02226744]
16,[0.02226744]
17,[0.02226744]
18,[0.02226744]
19,[0.02226744]
20,[0.02226744]
21,[0.02226744]
22,[0.02226744]
23,[0.02226744]
24,[0.02226744]
25,[0.02226744]
26,[0.02081866]
27,[0.02081866]
28,[0.02081866]
29,[0.02081866]
30,[0.02081866]
31,[0.02081866]
32,[0.02081866]
33,[0.02081866]
34,[0.02081866]
35,[0.02081866]
36,[0.02081866]
37,[0.0137977]
38,[0.0137977]
39,[0.0137977]
40,[0.0137977]
41,[0.0137977]
42,[0.0137977]
43,[0.0137977]
44,[0.0137977]
45,[0.0137977]
46,[0.0137977]
47,[0.0137977]
48,[0.0137977]
49,[0.0137977]
50,[0.0137977]
1,[0.]
2,[0.]
3,[0.]
4,[0.]
5,[0.]
6,[0.]
7,[0.]
8,[0.]
9,[0.]
10,[0.]
11,[0.]
12,[0.]
13,[0.]
14,[0.]
15,[0.]
16,[0.]
17,[0.]
18,[0.]
19,[0.]
20,[0.]
21,[0.]
22,[0.]
23,[0.]
24,[0.]
25,[0.]
26,[0.]
27,[0.]
28,[0.]
29,[0.]
30,[0.]
31,[0.]
32,[0.]
33,[0.]
34,[0.]
35,[0.]
36,[0.]
37,[0.]
38,[0.]
39,[0.]
40,[0.]
41,[0.]
42,[0.]
43,[0.]
44,[0.]
45,[0.]
46,[0.]
47,[0.]
48,[0.]
49,[0.]
50,[0.]
51,[0.]
52,[0.]
53,[0.]
54,[0.]
55,[0.]
56,[0.]
57,[0.]
58,[0.]
59,[0.]
60,[0.]
61,[0.]
62,[0.]
63,[0.]
64,[0.]
65,[0.]
66,[0.]
67,[0.]
68,[0.]
69,[0.]
70,[0.]
71,[0.]
72,[0.]
1,[0.15281148]
2,[0.15281148]
3,[0.15281148]
4,[0.15281148]
5,[0.15281148]
6,[0.11393608]
7,[0.11393608]
8,[0.11393608]
9,[0.11393608]
10,[0.04951053]
11,[0.04951053]
12,[0.]
13,[0.]
14,[0.]
15,[0.]
16,[0.]
17,[0.]
18,[0.]
19,[0.]
20,[0.]
21,[0.]
22,[0.]
23,[0.]
24,[0.]
25,[0.]
26,[0.]
27,[0.]
28,[0.]
29,[0.]
30,[0.]
31,[0.]
32,[0.]
33,[0.]
34,[0.]
35,[0.]
36,[0.]
37,[0.]
38,[0.]
39,[0.]
40,[0.]
41,[0.]
42,[0.]
43,[0.]
44,[0.]
45,[0.]
46,[0.]
47,[0.]
48,[0.]
49,[0.]
50,[0.]
51,[0.]
52,[0.]
53,[0.]
54,[0.]
55,[0.]
56,[0.]
57,[0.]
58,[0.]
59,[0.]
60,[0.]
61,[0.]
62,[0.]
63,[0.]
64,[0.]
65,[0.]
66,[0.]
67,[0.]
68,[0.]
69,[0.]
70,[0.]
71,[0.]
72,[0.]
73,[0.]
74,[0.]
1,[0.00652984]
2,[0.00652984]
3,[0.00652984]
4,[0.00652984]
5,[0.00652984]
6,[0.00652984]
7,[0.00652984]
8,[0.00652984]
9,[0.00652984]
10,[0.00652984]
11,[0.00652984]
12,[0.00652984]
13,[0.00652984]
14,[0.00652984]
15,[0.00652984]
1,[0.04411126]
2,[0.04411126]
3,[0.00829738]
4,[0.00829738]
5,[0.00829738]
6,[0.00829738]
7,[0.00829738]
8,[0.00829738]
9,[0.00829738]
10,[0.]
11,[0.]
12,[0.]
13,[0.]
14,[0.]
15,[0.]
16,[0.]
17,[0.]
18,[0.]
19,[0.]
20,[0.]
21,[0.]
22,[0.]
23,[0.]
24,[0.]
25,[0.]
26,[0.]
27,[0.]
28,[0.]
29,[0.]
30,[0.]
1,[0.03089436]
2,[0.03089436]
3,[0.03089436]
4,[0.03089436]
5,[0.03089436]
6,[0.03089436]
7,[0.03089436]
8,[0.02338391]
9,[0.02338391]
10,[0.02338391]
11,[0.02338391]
12,[0.00668642]
13,[0.00668642]
14,[0.00668642]
15,[0.00668642]
16,[0.00668642]
17,[0.00668642]
18,[0.00668642]
19,[0.00668642]
20,[0.00668642]
21,[0.00668642]
22,[0.]
23,[0.]
24,[0.]
25,[0.]
26,[0.]
27,[0.]
28,[0.]
29,[0.]
30,[0.]
31,[0.]
32,[0.]
33,[0.]
34,[0.]
35,[0.]
36,[0.]
37,[0.]
38,[0.]
39,[0.]
40,[0.]
41,[0.]
42,[0.]
43,[0.]
44,[0.]
45,[0.]
46,[0.]
47,[0.]
48,[0.]
49,[0.]
50,[0.]
51,[0.]
52,[0.]
53,[0.]
1,[0.06150684]
2,[0.06150684]
3,[0.06150684]
4,[0.]
5,[0.]
6,[0.]
7,[0.]
8,[0.]
9,[0.]
10,[0.]
11,[0.]
12,[0.]
13,[0.]
14,[0.]
15,[0.]
16,[0.]
17,[0.]
18,[0.]
19,[0.]
20,[0.]
21,[0.]
22,[0.]
23,[0.]
24,[0.]
25,[0.]
26,[0.]
27,[0.]
28,[0.]
29,[0.]
30,[0.]
31,[0.]
32,[0.]
33,[0.]
34,[0.]
35,[0.]
36,[0.]
37,[0.]
38,[0.]
39,[0.]
40,[0.]
41,[0.]
42,[0.]
43,[0.]
44,[0.]
45,[0.]
46,[0.]
47,[0.]
48,[0.]
49,[0.]
50,[0.]
51,[0.]
1,[0.]
2,[0.]
1,[0.04346525]
2,[0.04346525]
3,[0.04346525]
4,[0.04346525]
5,[0.04346525]
6,[0.04346525]
7,[0.04346525]
8,[0.04346525]
9,[0.04346525]
10,[0.04346525]
11,[0.04346525]
12,[0.04346525]
13,[0.00422708]
14,[0.00422708]
15,[0.00422708]
16,[0.00422708]
17,[0.00422708]
18,[0.00422708]
19,[0.00422708]
20,[0.00422708]
21,[0.00422708]
22,[0.00422708]
23,[0.00422708]
24,[0.00422708]
25,[0.00422708]
26,[0.00422708]
27,[0.00422708]
28,[0.00422708]
29,[0.00422708]
30,[0.00422708]
31,[0.00167268]
32,[0.00167268]
33,[0.00167268]
34,[0.00167268]
35,[0.00167268]
36,[0.]
37,[0.]
38,[0.]
39,[0.]
40,[0.]
41,[0.]
42,[0.]
43,[0.]
44,[0.]
45,[0.]
46,[0.]
47,[0.]
48,[0.]
49,[0.]
1,[0.10552185]
2,[0.04821636]
3,[0.04821636]
4,[0.04821636]
5,[0.04821636]
6,[0.04821636]
1,[0.04127308]
2,[0.04127308]
3,[0.04127308]
4,[0.04127308]
5,[0.04127308]
6,[0.]
7,[0.]
8,[0.]
9,[0.]
10,[0.]
11,[0.]
12,[0.]
13,[0.]
14,[0.]
15,[0.]
16,[0.]
17,[0.]
18,[0.]
19,[0.]
20,[0.]
21,[0.]
22,[0.]
23,[0.]
24,[0.]
25,[0.]
26,[0.]
27,[0.]
28,[0.]
29,[0.]
30,[0.]
31,[0.]
32,[0.]
33,[0.]
1,[0.03186514]
2,[0.03186514]
3,[0.03186514]
4,[0.03186514]
5,[0.03186514]
6,[0.03186514]
7,[0.]
8,[0.]
9,[0.]
10,[0.]
11,[0.]
12,[0.]
13,[0.]
14,[0.]
15,[0.]
16,[0.]
17,[0.]
18,[0.]
19,[0.]
20,[0.]
21,[0.]
22,[0.]
23,[0.]
24,[0.]
25,[0.]
26,[0.]
27,[0.]
28,[0.]
29,[0.]
30,[0.]
31,[0.]
32,[0.]
33,[0.]
34,[0.]
35,[0.]
36,[0.]
37,[0.]
38,[0.]
39,[0.]
40,[0.]
1,[0.01634625]
2,[0.01634625]
3,[0.01634625]
4,[0.01634625]
5,[0.01634625]
1,[0.06670672]
2,[0.04878926]
3,[0.04878926]
4,[0.04878926]
5,[0.04878926]
6,[0.04878926]
7,[0.04878926]
8,[0.04878926]
9,[0.04411944]
10,[0.04411944]
11,[0.04411944]
12,[0.]
13,[0.]
14,[0.]
15,[0.]
16,[0.]
17,[0.]
18,[0.]
19,[0.]
20,[0.]
21,[0.]
22,[0.]
23,[0.]
24,[0.]
25,[0.]
26,[0.]
27,[0.]
28,[0.]
29,[0.]
30,[0.]
31,[0.]
32,[0.]
33,[0.]
34,[0.]
35,[0.]
36,[0.]
37,[0.]
38,[0.]
39,[0.]
40,[0.]
41,[0.]
42,[0.]
43,[0.]
44,[0.]
45,[0.]
46,[0.]
47,[0.]
48,[0.]
49,[0.]
50,[0.]
51,[0.]
52,[0.]
53,[0.]
54,[0.]
55,[0.]
56,[0.]
57,[0.]
58,[0.]
59,[0.]
60,[0.]
61,[0.]
62,[0.]
63,[0.]
64,[0.]
65,[0.]
66,[0.]
67,[0.]
68,[0.]
69,[0.]
70,[0.]
71,[0.]
72,[0.]
73,[0.]
74,[0.]
75,[0.]
76,[0.]
77,[0.]
78,[0.]
79,[0.]
1,[0.03264593]
2,[0.03264593]
3,[0.03264593]
4,[0.03264593]
5,[0.02314349]
6,[0.02314349]
7,[0.02314349]
8,[0.00656104]
9,[0.]
10,[0.]
11,[0.]
12,[0.]
13,[0.]
14,[0.]
1,[0.07525362]
2,[0.07525362]
3,[0.01400386]
4,[0.01400386]
5,[0.01400386]
6,[0.]
7,[0.]
8,[0.]
9,[0.]
10,[0.]
11,[0.]
12,[0.]
13,[0.]
14,[0.]
15,[0.]
16,[0.]
17,[0.]
18,[0.]
19,[0.]
20,[0.]
21,[0.]
22,[0.]
23,[0.]
24,[0.]
25,[0.]
26,[0.]
27,[0.]
28,[0.]
29,[0.]
30,[0.]
31,[0.]
32,[0.]
33,[0.]
34,[0.]
35,[0.]
36,[0.]
37,[0.]
38,[0.]
39,[0.]
40,[0.]
41,[0.]
42,[0.]
43,[0.]
44,[0.]
45,[0.]
46,[0.]
47,[0.]
48,[0.]
49,[0.]
50,[0.]
51,[0.]
52,[0.]
53,[0.]
54,[0.]
55,[0.]
56,[0.]
57,[0.]
58,[0.]
59,[0.]
60,[0.]
61,[0.]
62,[0.]
63,[0.]
64,[0.]
65,[0.]
66,[0.]
67,[0.]
68,[0.]
69,[0.]
70,[0.]
71,[0.]
1,[0.04518681]
2,[0.04518681]
1,[0.10540052]
2,[0.10540052]
3,[0.08354254]
4,[0.08354254]
5,[0.08354254]
6,[0.08354254]
7,[0.08354254]
8,[0.]
9,[0.]
10,[0.]
11,[0.]
1,[0.03747987]
2,[0.03747987]
3,[0.03747987]
4,[0.02893677]
5,[0.02893677]
6,[0.01135651]
7,[0.01135651]
8,[0.01135651]
9,[0.00825851]
10,[0.00825851]
11,[0.00807768]
12,[0.00807768]
13,[0.00807768]
14,[0.00807768]
15,[0.00800379]
16,[0.00800379]
17,[0.00800379]
18,[0.00512581]
19,[0.00512581]
20,[0.00512581]
21,[0.00512581]
22,[0.00512581]
23,[0.00512581]
24,[0.00512581]
25,[0.00512581]
26,[0.00512581]
27,[0.00512581]
28,[0.00512581]
29,[0.00512581]
30,[0.00512581]
31,[4.78424479e-05]
32,[4.78424479e-05]
33,[4.78424479e-05]
34,[4.78424479e-05]
35,[4.78424479e-05]
36,[4.78424479e-05]
37,[4.78424479e-05]
38,[4.78424479e-05]
39,[4.78424479e-05]
40,[4.78424479e-05]
41,[4.78424479e-05]
42,[4.78424479e-05]
43,[4.78424479e-05]
44,[4.78424479e-05]
45,[4.78424479e-05]
46,[0.]
47,[0.]
48,[0.]
49,[0.]
50,[0.]
51,[0.]
52,[0.]
53,[0.]
54,[0.]
55,[0.]
56,[0.]
57,[0.]
58,[0.]
59,[0.]
60,[0.]
61,[0.]
62,[0.]
63,[0.]
64,[0.]
65,[0.]
66,[0.]
67,[0.]
68,[0.]
69,[0.]
70,[0.]
71,[0.]
72,[0.]
73,[0.]
74,[0.]
75,[0.]
76,[0.]
77,[0.]
78,[0.]
79,[0.]
80,[0.]
81,[0.]
82,[0.]
83,[0.]
84,[0.]
85,[0.]
86,[0.]
87,[0.]
1,[0.08462221]
2,[0.04849594]
3,[0.04849594]
4,[0.04849594]
5,[0.04849594]
6,[0.]
7,[0.]
8,[0.]
9,[0.]
10,[0.]
11,[0.]
12,[0.]
13,[0.]
14,[0.]
15,[0.]
16,[0.]
17,[0.]
18,[0.]
19,[0.]
20,[0.]
21,[0.]
22,[0.]
23,[0.]
24,[0.]
25,[0.]
26,[0.]
27,[0.]
28,[0.]
29,[0.]
30,[0.]
31,[0.]
32,[0.]
33,[0.]
34,[0.]
35,[0.]
36,[0.]
37,[0.]
38,[0.]
1,[0.]
2,[0.]
3,[0.]
4,[0.]
5,[0.]
6,[0.]
7,[0.]
8,[0.]
9,[0.]
10,[0.]
11,[0.]
12,[0.]
13,[0.]
14,[0.]
15,[0.]
16,[0.]
17,[0.]
18,[0.]
19,[0.]
20,[0.]
21,[0.]
22,[0.]
23,[0.]
24,[0.]
25,[0.]
26,[0.]
27,[0.]
1,[0.]
1,[0.07020958]
2,[0.07020958]
3,[0.04638108]
4,[0.00388029]
5,[0.00388029]
6,[0.00388029]
7,[0.00388029]
8,[0.00388029]
9,[0.00388029]
10,[0.00388029]
11,[0.00388029]
12,[0.00388029]
13,[0.00388029]
14,[0.00388029]
15,[0.00388029]
16,[0.00388029]
17,[0.00388029]
18,[0.00388029]
19,[0.00388029]
20,[0.00388029]
21,[0.00388029]
22,[0.00388029]
23,[0.00388029]
24,[0.00388029]
25,[0.00388029]
26,[0.00388029]
27,[0.00388029]
28,[0.00388029]
29,[0.00388029]
30,[0.00388029]
31,[0.00388029]
32,[0.00388029]
33,[0.]
34,[0.]
35,[0.]
36,[0.]
37,[0.]
38,[0.]
39,[0.]
40,[0.]
41,[0.]
42,[0.]
43,[0.]
44,[0.]
45,[0.]
1,[0.15927761]
2,[0.00154637]
3,[0.00154637]
4,[0.00154637]
5,[0.00154637]
6,[0.00154637]
7,[0.00154637]
8,[0.00154637]
9,[0.00154637]
10,[0.00154637]
11,[0.00154637]
12,[0.00154637]
13,[0.00154637]
14,[0.00154637]
15,[0.00154637]
16,[0.00154637]
17,[0.00154637]
18,[0.00154637]
19,[0.00154637]
20,[0.00154637]
21,[0.00154637]
22,[0.00154637]
23,[0.00154637]
24,[0.00154637]
25,[0.00154637]
26,[0.00154637]
27,[0.00154637]
28,[0.00154637]
29,[0.00154637]
30,[0.00154637]
31,[0.]
32,[0.]
33,[0.]
34,[0.]
35,[0.]
36,[0.]
37,[0.]
38,[0.]
39,[0.]
40,[0.]
41,[0.]
42,[0.]
43,[0.]
44,[0.]
45,[0.]
1,[0.15685455]
2,[0.15685455]
3,[0.13207871]
4,[0.13207871]
5,[0.13207871]
6,[0.10948474]
7,[0.10948474]
8,[0.10948474]
9,[0.10948474]
10,[0.10948474]
11,[0.10948474]
12,[0.10948474]
13,[0.10948474]
14,[0.10948474]
15,[0.10948474]
16,[0.04958739]
17,[0.04958739]
18,[0.04958739]
19,[0.04958739]
20,[0.04958739]
21,[0.04958739]
22,[0.04958739]
23,[0.04958739]
24,[0.04958739]
25,[0.04958739]
26,[0.04958739]
27,[0.04958739]
28,[0.04958739]
29,[0.04958739]
30,[0.04958739]
31,[0.04958739]
32,[0.04958739]
33,[0.04958739]
34,[0.04958739]
35,[0.04958739]
36,[0.04892564]
37,[0.04892564]
38,[0.04892564]
39,[0.04892564]
40,[0.04892564]
41,[0.04892564]
42,[0.04892564]
43,[0.04892564]
44,[0.]
45,[0.]
46,[0.]
47,[0.]
48,[0.]
49,[0.]
50,[0.]
51,[0.]
52,[0.]
53,[0.]
54,[0.]
55,[0.]
56,[0.]
57,[0.]
58,[0.]
1,[0.05223556]
2,[0.05223556]
3,[0.05223556]
4,[0.05223556]
5,[0.]
6,[0.]
7,[0.]
8,[0.]
9,[0.]
10,[0.]
11,[0.]
12,[0.]
13,[0.]
14,[0.]
15,[0.]
16,[0.]
17,[0.]
18,[0.]
19,[0.]
20,[0.]
21,[0.]
22,[0.]
23,[0.]
24,[0.]
25,[0.]
26,[0.]
27,[0.]
28,[0.]
29,[0.]
30,[0.]
31,[0.]
32,[0.]
33,[0.]
34,[0.]
35,[0.]
36,[0.]
37,[0.]
38,[0.]
39,[0.]
40,[0.]
41,[0.]
42,[0.]
43,[0.]
44,[0.]
45,[0.]
46,[0.]
47,[0.]
48,[0.]
49,[0.]
50,[0.]
51,[0.]
1,[0.0327081]
2,[0.02801264]
3,[0.02801264]
4,[0.02801264]
5,[0.02801264]
6,[0.02167309]
7,[0.02167309]
8,[0.00257442]
9,[0.00257442]
10,[0.00257442]
11,[0.00257442]
12,[0.00257442]
13,[0.00257442]
14,[0.00257442]
15,[0.00257442]
16,[0.00256203]
17,[0.00256203]
18,[0.00256203]
19,[0.00256203]
20,[0.00256203]
21,[0.00256203]
22,[0.00256203]
23,[0.00256203]
24,[0.00256203]
25,[0.00256203]
26,[0.00256203]
27,[0.00256203]
28,[0.00256203]
29,[0.00256203]
30,[0.00256203]
31,[0.00256203]
32,[0.00256203]
33,[0.00256203]
34,[0.00256203]
35,[0.00256203]
36,[0.00256203]
37,[0.00256203]
38,[0.00256203]
39,[0.00256203]
40,[0.00256203]
41,[0.00256203]
42,[0.00256203]
43,[0.00256203]
44,[0.00256203]
45,[0.00256203]
46,[0.00256203]
47,[0.]
48,[0.]
49,[0.]
50,[0.]
51,[0.]
52,[0.]
53,[0.]
54,[0.]
55,[0.]
56,[0.]
57,[0.]
58,[0.]
59,[0.]
60,[0.]
61,[0.]
62,[0.]
63,[0.]
64,[0.]
65,[0.]
66,[0.]
67,[0.]
68,[0.]
69,[0.]
70,[0.]
71,[0.]
72,[0.]
73,[0.]
74,[0.]
75,[0.]
76,[0.]
77,[0.]
78,[0.]
79,[0.]
80,[0.]
81,[0.]
82,[0.]
83,[0.]
84,[0.]
85,[0.]
86,[0.]
87,[0.]
1,[0.02740983]
2,[0.01977392]
3,[0.01977392]
4,[0.01977392]
5,[0.01977392]
6,[0.01977392]
7,[0.01977392]
8,[0.01977392]
9,[0.01977392]
10,[0.01977392]
11,[0.01977392]
12,[0.01977392]
13,[0.01977392]
14,[0.01977392]
15,[0.01977392]
16,[0.01977392]
1,[0.10619538]
2,[0.08767012]
3,[0.07724506]
4,[0.07724506]
5,[0.07724506]
6,[0.07724506]
7,[0.07724506]
8,[0.07724506]
9,[0.07724506]
10,[0.07724506]
11,[0.07724506]
12,[0.07724506]
13,[0.07724506]
14,[0.07724506]
15,[0.07724506]
16,[0.07724506]
17,[0.07724506]
18,[0.03690686]
19,[0.03690686]
20,[0.03690686]
21,[0.]
22,[0.]
23,[0.]
24,[0.]
25,[0.]
26,[0.]
27,[0.]
28,[0.]
29,[0.]
30,[0.]
31,[0.]
32,[0.]
33,[0.]
34,[0.]
35,[0.]
36,[0.]
37,[0.]
38,[0.]
1,[0.06352682]
2,[0.06352682]
3,[0.06352682]
4,[0.06352682]
5,[0.03117822]
6,[0.03117822]
7,[0.03117822]
8,[0.03117822]
9,[0.03117822]
10,[0.03117822]
11,[0.03117822]
12,[0.03117822]
13,[0.03117822]
14,[0.03117822]
15,[0.03117822]
16,[0.03117822]
17,[0.03117822]
18,[0.03117822]
19,[0.03117822]
20,[0.03117822]
21,[0.03117822]
22,[0.03117822]
23,[0.03117822]
24,[0.03117822]
25,[0.03117822]
26,[0.03117822]
27,[0.03117822]
28,[0.03117822]
29,[0.03117822]
30,[0.03117822]
31,[0.03117822]
32,[0.03117822]
33,[0.03117822]
34,[0.03117822]
35,[0.03117822]
36,[0.03117822]
37,[0.03117822]
38,[0.03117822]
39,[0.03117822]
40,[0.03117822]
41,[0.03117822]
42,[0.03117822]
43,[0.03117822]
44,[0.03117822]
45,[0.03117822]
46,[0.03117822]
47,[0.03117822]
48,[0.03117822]
49,[0.02351102]
50,[0.02351102]
51,[0.02351102]
52,[0.02351102]
53,[0.02351102]
54,[0.02351102]
55,[0.02351102]
56,[0.02351102]
57,[0.02351102]
58,[0.02351102]
59,[0.02351102]
60,[0.02351102]
61,[0.02351102]
62,[0.02351102]
63,[0.]
64,[0.]
65,[0.]
66,[0.]
67,[0.]
68,[0.]
69,[0.]
70,[0.]
71,[0.]
72,[0.]
73,[0.]
74,[0.]
75,[0.]
76,[0.]
77,[0.]
78,[0.]
79,[0.]
80,[0.]
81,[0.]
82,[0.]
83,[0.]
84,[0.]
85,[0.]
86,[0.]
87,[0.]
88,[0.]
89,[0.]
90,[0.]
91,[0.]
92,[0.]
93,[0.]
94,[0.]
95,[0.]
96,[0.]
1,[0.02275403]
2,[0.02275403]
3,[0.02275403]
4,[0.02275403]
5,[0.02275403]
6,[0.02275403]
7,[0.02275403]
8,[0.02275403]
9,[0.02275403]
10,[0.02275403]
11,[0.02275403]
12,[0.02275403]
13,[0.02275403]
14,[0.02275403]
15,[0.02275403]
16,[0.02275403]
17,[0.02275403]
18,[0.00280479]
19,[0.00280479]
20,[0.00280479]
21,[0.00280479]
22,[0.00280479]
23,[0.00280479]
24,[0.00280479]
25,[0.00280479]
26,[0.00280479]
27,[0.00280479]
28,[0.00280479]
29,[0.00280479]
30,[0.00280479]
31,[0.00280479]
32,[0.00280479]
33,[0.00280479]
34,[0.00280479]
35,[0.00280479]
36,[0.00280479]
37,[0.00280479]
38,[0.00280479]
39,[0.00280479]
40,[0.00280479]
41,[0.00280479]
42,[0.00280479]
1,[0.03402219]
2,[0.03402219]
3,[0.03402219]
4,[0.03402219]
5,[0.03402219]
6,[0.03402219]
7,[0.03402219]
8,[0.03402219]
9,[0.03402219]
10,[0.03402219]
11,[0.03402219]
12,[0.03402219]
13,[0.03402219]
14,[0.03402219]
15,[0.03402219]
16,[0.]
17,[0.]
18,[0.]
19,[0.]
20,[0.]
21,[0.]
22,[0.]
23,[0.]
24,[0.]
25,[0.]
26,[0.]
27,[0.]
28,[0.]
29,[0.]
30,[0.]
31,[0.]
32,[0.]
33,[0.]
34,[0.]
35,[0.]
36,[0.]
37,[0.]
38,[0.]
39,[0.]
40,[0.]
41,[0.]
42,[0.]
43,[0.]
44,[0.]
45,[0.]
46,[0.]
1,[0.11040385]
2,[0.11040385]
3,[0.11040385]
4,[0.11040385]
5,[0.11040385]
6,[0.11040385]
7,[0.11040385]
8,[0.11040385]
9,[0.06676952]
10,[0.06676952]
11,[0.06676952]
12,[0.06676952]
13,[0.06676952]
14,[0.06676952]
15,[0.06676952]
16,[0.06676952]
17,[0.06676952]
18,[0.06676952]
19,[0.06676952]
20,[0.06676952]
21,[0.06676952]
22,[0.06676952]
23,[0.06676952]
24,[0.06676952]
25,[0.06676952]
26,[0.05922461]
27,[0.05922461]
28,[0.05922461]
29,[0.04351667]
30,[0.04351667]
31,[0.04351667]
32,[0.04351667]
33,[0.04351667]
34,[0.03451791]
35,[0.03451791]
36,[0.03451791]
37,[0.03451791]
38,[0.03451791]
39,[0.03451791]
40,[0.03451791]
41,[0.03451791]
42,[0.03451791]
43,[0.03451791]
44,[0.03451791]
45,[0.03451791]
46,[0.03451791]
47,[0.01878169]
48,[0.01878169]
49,[0.01878169]
50,[0.01878169]
1,[0.02123467]
2,[0.02123467]
3,[0.02123467]
4,[0.02123467]
5,[0.02123467]
6,[0.02123467]
7,[0.02123467]
8,[0.02123467]
9,[0.02123467]
10,[0.02123467]
11,[0.02123467]
12,[0.02123467]
13,[0.02123467]
14,[0.02123467]
15,[0.02123467]
16,[0.02123467]
17,[0.02123467]
18,[0.02123467]
19,[0.02123467]
20,[0.02123467]
21,[0.02123467]
22,[0.02123467]
23,[0.02123467]
24,[0.02123467]
25,[0.02123467]
26,[0.02123467]
27,[0.02123467]
28,[0.02123467]
29,[0.02123467]
30,[0.02123467]
31,[0.02123467]
32,[0.02123467]
33,[0.02123467]
34,[0.01950971]
35,[0.01950971]
36,[0.01950971]
37,[0.01950971]
38,[0.01950971]
39,[0.01950971]
40,[0.01950971]
41,[0.01950971]
42,[0.01950971]
43,[0.01950971]
44,[0.01950971]
45,[0.01950971]
46,[0.01950971]
47,[0.01950971]
48,[0.01950971]
49,[0.01950971]
50,[0.01950971]
51,[0.01950971]
52,[0.01950971]
53,[0.01950971]
54,[0.01950971]
55,[0.01490202]
56,[0.01490202]
57,[0.00844302]
58,[0.00844302]
59,[0.00844302]
60,[0.00844302]
61,[0.00844302]
62,[0.00844302]
63,[0.00844302]
64,[0.00844302]
65,[0.00844302]
66,[0.00844302]
67,[0.00844302]
68,[0.00844302]
69,[0.00844302]
70,[0.]
71,[0.]
72,[0.]
73,[0.]
74,[0.]
75,[0.]
76,[0.]
77,[0.]
78,[0.]
79,[0.]
80,[0.]
81,[0.]
82,[0.]
1,[0.04166205]
2,[0.0353567]
3,[0.0353567]
4,[0.]
5,[0.]
6,[0.]
7,[0.]
8,[0.]
9,[0.]
10,[0.]
11,[0.]
12,[0.]
13,[0.]
14,[0.]
15,[0.]
16,[0.]
17,[0.]
18,[0.]
19,[0.]
20,[0.]
21,[0.]
22,[0.]
23,[0.]
24,[0.]
25,[0.]
26,[0.]
27,[0.]
28,[0.]
29,[0.]
30,[0.]
31,[0.]
32,[0.]
33,[0.]
34,[0.]
35,[0.]
36,[0.]
37,[0.]
38,[0.]
39,[0.]
40,[0.]
41,[0.]
42,[0.]
43,[0.]
44,[0.]
45,[0.]
46,[0.]
47,[0.]
1,[0.08244611]
2,[0.08244611]
3,[0.08244611]
4,[0.08244611]
5,[0.08244611]
6,[0.08244611]
7,[0.07594713]
8,[0.07594713]
9,[0.07594713]
10,[0.07594713]
11,[0.07594713]
1,[0.00541679]
2,[0.00541679]
3,[0.00541679]
4,[0.00541679]
5,[0.00541679]
6,[0.00541679]
7,[0.00541679]
8,[0.00541679]
9,[0.00541679]
10,[0.00541679]
11,[0.00541679]
12,[0.00541679]
13,[0.00541679]
14,[0.00541679]
15,[0.00541679]
16,[0.00541679]
17,[0.00541679]
18,[0.00541679]
19,[0.00541679]
20,[0.00541679]
21,[0.00541679]
22,[0.00541679]
23,[0.00541679]
24,[0.00541679]
25,[0.00541679]
26,[0.00541679]
27,[0.00541679]
28,[0.00541679]
29,[0.00541679]
30,[0.00541679]
1,[0.04796785]
2,[0.04796785]
3,[0.04796785]
4,[0.04796785]
5,[0.04796785]
6,[0.04796785]
7,[0.04796785]
8,[0.04796785]
9,[0.04796785]
10,[0.03660226]
11,[0.03660226]
12,[0.03660226]
13,[0.03660226]
14,[0.03660226]
15,[0.03660226]
16,[0.03660226]
1,[0.24183883]
2,[0.09532082]
3,[0.09532082]
4,[0.09532082]
5,[0.09532082]
6,[0.09532082]
7,[0.09532082]
8,[0.04948989]
9,[0.04948989]
10,[0.04948989]
11,[0.04948989]
12,[0.04948989]
13,[0.04948989]
1,[0.07367235]
2,[0.01026465]
3,[0.01026465]
4,[0.00928245]
5,[0.00928245]
6,[0.00928245]
7,[0.]
8,[0.]
9,[0.]
10,[0.]
11,[0.]
12,[0.]
13,[0.]
14,[0.]
15,[0.]
16,[0.]
17,[0.]
18,[0.]
19,[0.]
20,[0.]
21,[0.]
22,[0.]
23,[0.]
24,[0.]
25,[0.]
26,[0.]
27,[0.]
28,[0.]
29,[0.]
30,[0.]
31,[0.]
32,[0.]
33,[0.]
34,[0.]
35,[0.]
36,[0.]
37,[0.]
38,[0.]
39,[0.]
40,[0.]
41,[0.]
42,[0.]
43,[0.]
44,[0.]
45,[0.]
46,[0.]
47,[0.]
48,[0.]
49,[0.]
50,[0.]
51,[0.]
52,[0.]
53,[0.]
54,[0.]
55,[0.]
56,[0.]
57,[0.]
58,[0.]
59,[0.]
60,[0.]
61,[0.]
62,[0.]
63,[0.]
64,[0.]
65,[0.]
66,[0.]
67,[0.]
68,[0.]
69,[0.]
70,[0.]
71,[0.]
72,[0.]
73,[0.]
1,[0.06311879]
2,[0.06311879]
3,[0.06311879]
4,[0.06311879]
5,[0.06311879]
6,[0.05520273]
7,[0.01303557]
8,[0.01303557]
9,[0.01303557]
10,[0.01303557]
11,[0.01303557]
12,[0.01303557]
13,[0.01303557]
14,[0.01303557]
15,[0.01303557]
16,[0.01303557]
17,[0.01303557]
18,[0.01303557]
19,[0.01303557]
20,[0.01303557]
21,[0.01303557]
22,[0.01303557]
23,[0.01303557]
24,[0.01303557]
25,[0.01303557]
26,[0.]
27,[0.]
28,[0.]
29,[0.]
30,[0.]
31,[0.]
32,[0.]
33,[0.]
34,[0.]
35,[0.]
36,[0.]
37,[0.]
38,[0.]
39,[0.]
40,[0.]
41,[0.]
42,[0.]
43,[0.]
44,[0.]
45,[0.]
46,[0.]
47,[0.]
48,[0.]
49,[0.]
50,[0.]
51,[0.]
52,[0.]
53,[0.]
54,[0.]
1,[0.]
2,[0.]
3,[0.]
4,[0.]
5,[0.]
6,[0.]
7,[0.]
8,[0.]
9,[0.]
1,[0.11294533]
2,[0.07910117]
3,[0.07910117]
4,[0.07910117]
5,[0.07910117]
6,[0.07221127]
7,[0.07221127]
8,[0.07221127]
9,[0.07221127]
10,[0.07221127]
11,[0.05196429]
12,[0.05196429]
13,[0.05196429]
14,[0.05196429]
15,[0.05196429]
16,[0.05196429]
17,[0.05196429]
18,[0.05196429]
19,[0.05196429]
20,[0.05196429]
21,[0.05196429]
22,[0.05196429]
23,[0.05196429]
24,[0.05196429]
25,[0.]
26,[0.]
27,[0.]
28,[0.]
29,[0.]
30,[0.]
31,[0.]
32,[0.]
33,[0.]
34,[0.]
35,[0.]
36,[0.]
37,[0.]
38,[0.]
39,[0.]
40,[0.]
41,[0.]
42,[0.]
43,[0.]
44,[0.]
45,[0.]
46,[0.]
47,[0.]
48,[0.]
49,[0.]
50,[0.]
51,[0.]
52,[0.]
53,[0.]
1,[0.11410328]
2,[0.11016557]
3,[0.11016557]
4,[0.11016557]
5,[0.11016557]
6,[0.04935226]
7,[0.04935226]
8,[0.04935226]
9,[0.04935226]
10,[0.04935226]
11,[0.04935226]
12,[0.04935226]
13,[0.04754001]
14,[0.04754001]
15,[0.02840917]
16,[0.02840917]
17,[0.02840917]
18,[0.02840917]
19,[0.]
20,[0.]
21,[0.]
22,[0.]
23,[0.]
24,[0.]
25,[0.]
26,[0.]
27,[0.]
28,[0.]
1,[0.04737937]
2,[0.04737937]
3,[0.04737937]
4,[0.04737937]
5,[0.04737937]
6,[0.04737937]
7,[0.03580993]
8,[0.03580993]
9,[0.03580993]
10,[0.03580993]
11,[0.03580993]
12,[0.03580993]
13,[0.03580993]
14,[0.03580993]
15,[0.03580993]
16,[0.03580993]
17,[0.03580993]
18,[0.03580993]
19,[0.03580993]
20,[0.03580993]
21,[0.03580993]
22,[0.03580993]
23,[0.03580993]
24,[0.03580993]
25,[0.03580993]
26,[0.03580993]
27,[0.03580993]
28,[0.03580993]
29,[0.03580993]
30,[0.03580993]
31,[0.03580993]
32,[0.03580993]
33,[0.03580993]
34,[0.03580993]
35,[0.03580993]
36,[0.03580993]
37,[0.03580993]
38,[0.03580993]
39,[0.03580993]
40,[0.03580993]
41,[0.03580993]
42,[0.03580993]
43,[0.03580993]
44,[0.03580993]
45,[0.03580993]
46,[0.03580993]
47,[0.03580993]
48,[0.03580993]
49,[0.03580993]
50,[0.03580993]
51,[0.03580993]
52,[0.03580993]
53,[0.]
54,[0.]
55,[0.]
56,[0.]
57,[0.]
58,[0.]
59,[0.]
60,[0.]
1,[0.]
2,[0.]
3,[0.]
4,[0.]
5,[0.]
6,[0.]
7,[0.]
8,[0.]
9,[0.]
10,[0.]
1,[0.15011815]
2,[0.15011815]
3,[0.15011815]
4,[0.15011815]
5,[0.15011815]
6,[0.11075971]
7,[0.11075971]
8,[0.11075971]
9,[0.11075971]
10,[0.11075971]
11,[0.09294142]
12,[0.09294142]
13,[0.09294142]
14,[0.09294142]
15,[0.09294142]
16,[0.09294142]
17,[0.09294142]
18,[0.09294142]
19,[0.09294142]
20,[0.09294142]
21,[0.09294142]
22,[0.09294142]
23,[0.09294142]
24,[0.09294142]
25,[0.09294142]
26,[0.09294142]
27,[0.07930229]
28,[0.07930229]
29,[0.07930229]
30,[0.07930229]
31,[0.07502008]
32,[0.07502008]
33,[0.07502008]
34,[0.07502008]
35,[0.07502008]
36,[0.07502008]
37,[0.07502008]
38,[0.03133065]
39,[0.03133065]
40,[0.03133065]
41,[0.03133065]
42,[0.03133065]
43,[0.03133065]
44,[0.03133065]
45,[0.01445091]
46,[0.01445091]
47,[0.01445091]
48,[0.01445091]
49,[0.01445091]
50,[0.01445091]
51,[0.01445091]
52,[0.01445091]
53,[0.01445091]
54,[0.01445091]
55,[0.01445091]
56,[0.01445091]
57,[0.01445091]
58,[0.01445091]
59,[0.01445091]
60,[0.01445091]
61,[0.01445091]
62,[0.01445091]
63,[0.01445091]
64,[0.01445091]
65,[0.01445091]
66,[0.01445091]
67,[0.01445091]
68,[0.01445091]
69,[0.01445091]
70,[0.01445091]
71,[0.01445091]
72,[0.01445091]
73,[0.01445091]
74,[0.01445091]
75,[0.01445091]
76,[0.01445091]
77,[0.01445091]
78,[0.01445091]
79,[0.01445091]
1,[0.19633392]
2,[0.14017338]
3,[0.14017338]
4,[0.14017338]
1,[0.13663379]
2,[0.]
3,[0.]
4,[0.]
5,[0.]
6,[0.]
7,[0.]
8,[0.]
9,[0.]
10,[0.]
11,[0.]
12,[0.]
13,[0.]
1,[0.04434237]
2,[0.04434237]
3,[0.04434237]
4,[0.04434237]
5,[0.03896822]
6,[0.03896822]
7,[0.03896822]
8,[0.03896822]
1,[0.11874449]
2,[0.11101154]
3,[0.]
4,[0.]
1,[0.05478247]
2,[0.05478247]
3,[0.05478247]
4,[0.05478247]
5,[0.05478247]
6,[0.05478247]
7,[0.05478247]
8,[0.05478247]
9,[0.05478247]
10,[0.05478247]
11,[0.05478247]
12,[0.05478247]
13,[0.05478247]
14,[0.05478247]
15,[0.05478247]
16,[0.05478247]
17,[0.05478247]
18,[0.05478247]
19,[0.]
20,[0.]
21,[0.]
22,[0.]
23,[0.]
24,[0.]
25,[0.]
26,[0.]
27,[0.]
28,[0.]
29,[0.]
30,[0.]
31,[0.]
32,[0.]
33,[0.]
34,[0.]
35,[0.]
36,[0.]
37,[0.]
38,[0.]
39,[0.]
40,[0.]
41,[0.]
42,[0.]
43,[0.]
44,[0.]
45,[0.]
46,[0.]
47,[0.]
48,[0.]
49,[0.]
50,[0.]
51,[0.]
52,[0.]
53,[0.]
54,[0.]
55,[0.]
56,[0.]
57,[0.]
58,[0.]
59,[0.]
60,[0.]
61,[0.]
62,[0.]
63,[0.]
64,[0.]
65,[0.]
66,[0.]
67,[0.]
68,[0.]
69,[0.]
70,[0.]
71,[0.]
72,[0.]
73,[0.]
74,[0.]
75,[0.]
76,[0.]
77,[0.]
78,[0.]
79,[0.]
80,[0.]
81,[0.]
82,[0.]
83,[0.]
1,[0.11020658]
2,[0.11020658]
3,[0.11020658]
4,[0.11020658]
5,[0.10290969]
6,[0.07745702]
7,[0.04059729]
8,[0.04059729]
9,[0.03161979]
10,[0.03161979]
11,[0.03161979]
12,[0.03161979]
13,[0.03161979]
14,[0.03161979]
15,[0.03161979]
16,[0.03161979]
17,[0.03161979]
18,[0.03161979]
1,[0.13579061]
2,[0.13579061]
3,[0.13579061]
4,[0.13579061]
5,[0.]
6,[0.]
7,[0.]
8,[0.]
9,[0.]
10,[0.]
11,[0.]
12,[0.]
13,[0.]
14,[0.]
15,[0.]
16,[0.]
17,[0.]
18,[0.]
19,[0.]
20,[0.]
21,[0.]
22,[0.]
23,[0.]
24,[0.]
25,[0.]
26,[0.]
27,[0.]
28,[0.]
29,[0.]
30,[0.]
31,[0.]
32,[0.]
33,[0.]
34,[0.]
35,[0.]
36,[0.]
37,[0.]
38,[0.]
39,[0.]
40,[0.]
41,[0.]
42,[0.]
43,[0.]
44,[0.]
45,[0.]
46,[0.]
47,[0.]
48,[0.]
49,[0.]
50,[0.]
51,[0.]
52,[0.]
53,[0.]
54,[0.]
55,[0.]
56,[0.]
57,[0.]
58,[0.]
59,[0.]
60,[0.]
61,[0.]
62,[0.]
63,[0.]
64,[0.]
65,[0.]
1,[0.14125146]
2,[0.14125146]
3,[0.14125146]
4,[0.14125146]
5,[0.14125146]
6,[0.14125146]
7,[0.06899731]
8,[0.06899731]
9,[0.06899731]
10,[0.06899731]
11,[0.06899731]
12,[0.00564986]
13,[0.00564986]
14,[0.00564986]
15,[0.00564986]
16,[0.00564986]
17,[0.00564986]
18,[0.00564986]
19,[0.00564986]
20,[0.]
21,[0.]
22,[0.]
23,[0.]
24,[0.]
25,[0.]
26,[0.]
27,[0.]
28,[0.]
29,[0.]
30,[0.]
31,[0.]
32,[0.]
33,[0.]
34,[0.]
35,[0.]
1,[0.13017015]
1,[0.04765216]
2,[0.04765216]
3,[0.04765216]
4,[0.04765216]
5,[0.03591911]
6,[0.03591911]
7,[0.03591911]
8,[0.03591911]
9,[0.03591911]
10,[0.03591911]
11,[0.03591911]
12,[0.03591911]
13,[0.03591911]
14,[0.03591911]
15,[0.03591911]
16,[0.03591911]
17,[0.03591911]
18,[0.03591911]
19,[0.03591911]
20,[0.03591911]
21,[0.03591911]
22,[0.03591911]
23,[0.03591911]
24,[0.03591911]
25,[0.03591911]
26,[0.03591911]
27,[0.03591911]
28,[0.03591911]
29,[0.03591911]
30,[0.00577349]
31,[0.00577349]
32,[0.00577349]
33,[0.00577349]
34,[0.00577349]
35,[0.00577349]
36,[0.00577349]
37,[0.00577349]
38,[0.00577349]
39,[0.00577349]
40,[0.00577349]
41,[0.]
42,[0.]
43,[0.]
44,[0.]
45,[0.]
46,[0.]
47,[0.]
48,[0.]
49,[0.]
50,[0.]
51,[0.]
52,[0.]
53,[0.]
54,[0.]
55,[0.]
56,[0.]
57,[0.]
58,[0.]
59,[0.]
60,[0.]
61,[0.]
62,[0.]
63,[0.]
64,[0.]
65,[0.]
66,[0.]
67,[0.]
68,[0.]
69,[0.]
70,[0.]
71,[0.]
72,[0.]
73,[0.]
74,[0.]
75,[0.]
76,[0.]
77,[0.]
78,[0.]
79,[0.]
80,[0.]
81,[0.]
82,[0.]
83,[0.]
84,[0.]
85,[0.]
86,[0.]
87,[0.]
88,[0.]
89,[0.]
90,[0.]
91,[0.]
92,[0.]
93,[0.]
94,[0.]
95,[0.]
96,[0.]
97,[0.]
98,[0.]
99,[0.]
100,[0.]
1,[0.11934522]
2,[0.11934522]
3,[0.11934522]
4,[0.11934522]
5,[0.06661763]
6,[0.06661763]
7,[0.06661763]
8,[0.06661763]
9,[0.]
10,[0.]
11,[0.]
12,[0.]
13,[0.]
14,[0.]
15,[0.]
16,[0.]
17,[0.]
18,[0.]
19,[0.]
20,[0.]
1,[0.06740538]
2,[0.06740538]
3,[0.05432665]
4,[0.]
5,[0.]
6,[0.]
7,[0.]
8,[0.]
9,[0.]
10,[0.]
1,[0.1274546]
2,[0.1231722]
3,[0.1231722]
4,[0.1231722]
5,[0.12310974]
6,[0.12310974]
7,[0.12310974]
8,[0.12310974]
9,[0.12310974]
10,[0.12310974]
11,[0.12310974]
12,[0.12310974]
13,[0.12310974]
14,[0.12310974]
15,[0.12310974]
16,[0.12310974]
17,[0.02504136]
18,[0.02504136]
19,[0.02504136]
20,[0.02504136]
21,[0.02504136]
22,[0.02504136]
23,[0.02504136]
24,[0.02504136]
25,[0.]
26,[0.]
27,[0.]
28,[0.]
29,[0.]
30,[0.]
31,[0.]
32,[0.]
33,[0.]
34,[0.]
35,[0.]
36,[0.]
37,[0.]
38,[0.]
39,[0.]
40,[0.]
41,[0.]
42,[0.]
43,[0.]
44,[0.]
45,[0.]
46,[0.]
47,[0.]
48,[0.]
49,[0.]
50,[0.]
51,[0.]
52,[0.]
53,[0.]
54,[0.]
55,[0.]
56,[0.]
57,[0.]
58,[0.]
59,[0.]
60,[0.]
61,[0.]
62,[0.]
63,[0.]
64,[0.]
65,[0.]
66,[0.]
67,[0.]
68,[0.]
1,[0.03653886]
2,[0.03653886]
3,[0.03653886]
4,[0.03653886]
5,[0.03653886]
6,[0.03653886]
7,[0.02075918]
8,[0.02075918]
9,[0.02075918]
10,[0.02075918]
11,[0.01127483]
12,[0.01127483]
13,[0.01127483]
14,[0.01127483]
15,[0.01127483]
16,[0.01127483]
17,[0.01127483]
1,[0.07622917]
2,[0.07622917]
3,[0.07622917]
4,[0.07622917]
5,[0.07622917]
6,[0.07622917]
1,[0.03939742]
2,[0.03939742]
3,[0.03939742]
4,[0.03939742]
5,[0.03939742]
6,[0.03939742]
7,[0.]
8,[0.]
9,[0.]
10,[0.]
11,[0.]
12,[0.]
1,[0.09880228]
1,[0.05117249]
2,[0.05117249]
3,[0.05117249]
4,[0.05117249]
5,[0.05117249]
6,[0.05117249]
7,[0.05117249]
8,[0.05117249]
9,[0.05117249]
10,[0.05117249]
11,[0.03906315]
12,[0.03906315]
13,[0.03906315]
14,[0.01412585]
15,[0.]
16,[0.]
17,[0.]
18,[0.]
19,[0.]
20,[0.]
21,[0.]
22,[0.]
23,[0.]
24,[0.]
25,[0.]
26,[0.]
27,[0.]
28,[0.]
29,[0.]
30,[0.]
31,[0.]
32,[0.]
33,[0.]
34,[0.]
35,[0.]
36,[0.]
37,[0.]
38,[0.]
39,[0.]
40,[0.]
41,[0.]
42,[0.]
43,[0.]
44,[0.]
45,[0.]
46,[0.]
47,[0.]
48,[0.]
49,[0.]
50,[0.]
1,[0.01004158]
2,[0.]
3,[0.]
4,[0.]
5,[0.]
6,[0.]
7,[0.]
1,[0.11252397]
2,[0.11252397]
3,[0.03722646]
4,[0.03722646]
5,[0.03722646]
6,[0.03722646]
7,[0.03722646]
8,[0.03722646]
9,[0.03722646]
10,[0.03722646]
11,[0.03722646]
12,[0.03722646]
13,[0.03722646]
14,[0.03722646]
15,[0.03722646]
16,[0.03722646]
17,[0.03722646]
18,[0.03722646]
19,[0.03722646]
20,[0.03722646]
21,[0.03722646]
22,[0.03722646]
23,[0.03722646]
24,[0.03722646]
25,[0.03722646]
26,[0.03722646]
27,[0.00158008]
28,[0.00158008]
29,[0.00158008]
30,[0.00158008]
31,[0.00158008]
32,[0.00158008]
33,[0.00158008]
34,[0.00158008]
35,[0.00158008]
36,[0.00158008]
37,[0.00158008]
38,[0.00158008]
39,[0.00158008]
40,[0.00158008]
41,[0.00158008]
42,[0.00158008]
43,[0.00158008]
44,[0.00158008]
45,[0.]
46,[0.]
47,[0.]
48,[0.]
49,[0.]
50,[0.]
51,[0.]
52,[0.]
53,[0.]
54,[0.]
55,[0.]
56,[0.]
57,[0.]
58,[0.]
59,[0.]
60,[0.]
61,[0.]
62,[0.]
63,[0.]
64,[0.]
65,[0.]
66,[0.]
67,[0.]
68,[0.]
69,[0.]
70,[0.]
71,[0.]
72,[0.]
73,[0.]
74,[0.]
75,[0.]
76,[0.]
77,[0.]
78,[0.]
79,[0.]
80,[0.]
81,[0.]
82,[0.]
83,[0.]
84,[0.]
85,[0.]
86,[0.]
87,[0.]
1,[0.10238262]
2,[0.05991698]
3,[0.05142728]
4,[0.05142728]
5,[0.05142728]
6,[0.05142728]
7,[0.01861808]
8,[0.01861808]
9,[0.01861808]
10,[0.01861808]
11,[0.01861808]
12,[0.01861808]
13,[0.01861808]
14,[0.01861808]
15,[0.01861808]
16,[0.01861808]
17,[0.01861808]
18,[0.01861808]
19,[0.01861808]
20,[0.00611162]
21,[0.00611162]
22,[0.00611162]
23,[0.00611162]
24,[0.00611162]
25,[0.00611162]
26,[0.00611162]
27,[0.00611162]
28,[0.00611162]
29,[0.00611162]
30,[0.00611162]
31,[0.00611162]
32,[0.00611162]
33,[0.00611162]
34,[0.00611162]
35,[0.00611162]
36,[0.00611162]
37,[0.00611162]
38,[0.00611162]
39,[0.00611162]
40,[0.00611162]
41,[0.00611162]
42,[0.00611162]
43,[0.00611162]
44,[0.00611162]
45,[0.00611162]
46,[0.00611162]
47,[0.00611162]
48,[0.00611162]
49,[0.00611162]
50,[0.00611162]
51,[0.00611162]
52,[0.00611162]
53,[0.00611162]
54,[0.00611162]
55,[0.00611162]
56,[0.00611162]
57,[0.00611162]
58,[0.00611162]
59,[0.00611162]
60,[0.00611162]
61,[0.00611162]
62,[0.00611162]
63,[0.00611162]
64,[0.00611162]
65,[0.00611162]
66,[0.00611162]
67,[0.00611162]
68,[0.00611162]
69,[0.00611162]
70,[0.00611162]
71,[0.00611162]
72,[0.00611162]
1,[0.04132454]
2,[0.04132454]
3,[0.04132454]
4,[0.04132454]
5,[0.04132454]
6,[0.04132454]
7,[0.]
8,[0.]
9,[0.]
10,[0.]
11,[0.]
12,[0.]
13,[0.]
1,[0.0924686]
2,[0.0924686]
3,[0.0924686]
4,[0.0924686]
5,[0.0924686]
6,[0.0924686]
7,[0.0924686]
8,[0.08119379]
9,[0.]
10,[0.]
11,[0.]
12,[0.]
13,[0.]
14,[0.]
15,[0.]
16,[0.]
17,[0.]
18,[0.]
19,[0.]
20,[0.]
21,[0.]
22,[0.]
23,[0.]
24,[0.]
25,[0.]
26,[0.]
27,[0.]
28,[0.]
29,[0.]
30,[0.]
31,[0.]
32,[0.]
33,[0.]
34,[0.]
35,[0.]
36,[0.]
37,[0.]
38,[0.]
39,[0.]
40,[0.]
41,[0.]
42,[0.]
43,[0.]
44,[0.]
45,[0.]
46,[0.]
47,[0.]
48,[0.]
49,[0.]
50,[0.]
51,[0.]
52,[0.]
53,[0.]
54,[0.]
55,[0.]
56,[0.]
57,[0.]
58,[0.]
59,[0.]
60,[0.]
61,[0.]
62,[0.]
63,[0.]
64,[0.]
65,[0.]
66,[0.]
67,[0.]
68,[0.]
69,[0.]
70,[0.]
71,[0.]
72,[0.]
73,[0.]
74,[0.]
75,[0.]
76,[0.]
77,[0.]
78,[0.]
79,[0.]
80,[0.]
81,[0.]
82,[0.]
83,[0.]
84,[0.]
85,[0.]
86,[0.]
87,[0.]
88,[0.]
89,[0.]
90,[0.]
1,[0.]
2,[0.]
3,[0.]
4,[0.]
5,[0.]
6,[0.]
7,[0.]
8,[0.]
9,[0.]
10,[0.]
11,[0.]
12,[0.]
13,[0.]
14,[0.]
15,[0.]
16,[0.]
17,[0.]
18,[0.]
19,[0.]
20,[0.]
21,[0.]
22,[0.]
23,[0.]
24,[0.]
25,[0.]
26,[0.]
27,[0.]
28,[0.]
29,[0.]
30,[0.]
31,[0.]
32,[0.]
33,[0.]
34,[0.]
35,[0.]
36,[0.]
37,[0.]
38,[0.]
39,[0.]
40,[0.]
41,[0.]
42,[0.]
43,[0.]
44,[0.]
45,[0.]
46,[0.]
47,[0.]
48,[0.]
49,[0.]
50,[0.]
51,[0.]
52,[0.]
53,[0.]
54,[0.]
55,[0.]
1,[0.0315869]
2,[0.0315869]
3,[0.0315869]
4,[0.0315869]
5,[0.0315869]
1,[0.05626727]
2,[0.04520275]
3,[0.04520275]
4,[0.04520275]
5,[0.02892473]
6,[0.02892473]
7,[0.02892473]
8,[0.02892473]
9,[0.02892473]
10,[0.02892473]
11,[0.02892473]
12,[0.02892473]
13,[0.02892473]
14,[0.02892473]
15,[0.02219438]
16,[0.02219438]
17,[0.02219438]
18,[0.01540153]
19,[0.01540153]
20,[0.01540153]
21,[0.01540153]
22,[0.01540153]
23,[0.01540153]
24,[0.]
25,[0.]
26,[0.]
27,[0.]
28,[0.]
29,[0.]
30,[0.]
31,[0.]
32,[0.]
33,[0.]
1,[0.1105625]
2,[0.1105625]
3,[0.09460258]
4,[0.09460258]
5,[0.09460258]
6,[0.09460258]
7,[0.09460258]
8,[0.03958158]
9,[0.03958158]
10,[0.03958158]
11,[0.03958158]
12,[0.03958158]
13,[0.03958158]
14,[0.03958158]
15,[0.03958158]
16,[0.03958158]
17,[0.03958158]
18,[0.03958158]
1,[0.04815502]
2,[0.03223337]
3,[0.03223337]
4,[0.01023972]
5,[0.01023972]
6,[0.01023972]
7,[0.]
8,[0.]
9,[0.]
10,[0.]
11,[0.]
12,[0.]
13,[0.]
14,[0.]
1,[0.01720587]
2,[0.01720587]
3,[0.01720587]
4,[0.01720587]
5,[0.01720587]
6,[0.01720587]
7,[0.01720587]
8,[0.01720587]
9,[0.01720587]
10,[0.01720587]
11,[0.01720587]
12,[0.01720587]
13,[0.01720587]
14,[0.01720587]
15,[0.01720587]
16,[0.01720587]
17,[0.01720587]
18,[0.01720587]
19,[0.01720587]
20,[0.01720587]
21,[0.01720587]
22,[0.01720587]
23,[0.01720587]
24,[0.01720587]
25,[0.01720587]
26,[0.01720587]
27,[0.01720587]
28,[0.01720587]
29,[0.01720587]
30,[0.01720587]
31,[0.01720587]
32,[0.01720587]
33,[0.01720587]
34,[0.01720587]
35,[0.01720587]
36,[0.01720587]
37,[0.01720587]
38,[0.01720587]
39,[0.01720587]
40,[0.01720587]
41,[0.01720587]
42,[0.01720587]
43,[0.01720587]
44,[0.01720587]
45,[0.01720587]
46,[0.01720587]
47,[0.01720587]
48,[0.01720587]
49,[0.01720587]
50,[0.01720587]
51,[0.01720587]
52,[0.00084869]
53,[0.00084869]
54,[0.00084869]
55,[0.00084869]
56,[0.00084869]
57,[0.00084869]
58,[0.00084869]
59,[0.00084869]
60,[0.00084869]
61,[0.00084869]
62,[0.00084869]
63,[0.00084869]
64,[0.00084869]
65,[0.00084869]
66,[0.00084869]
67,[0.00084869]
68,[0.00084869]
69,[0.00084869]
70,[0.00084869]
71,[0.00084869]
72,[0.00084869]
73,[0.00084869]
74,[0.00084869]
75,[0.00084869]
76,[0.00084869]
77,[0.00084869]
78,[0.00084869]
79,[0.00084869]
80,[0.00084869]
81,[0.00084869]
82,[0.00084869]
83,[0.00084869]
84,[0.00084869]
85,[0.00084869]
86,[0.00084869]
87,[0.00084869]
88,[0.00084869]
89,[0.00084869]
90,[0.00084869]
91,[0.00084869]
92,[0.00084869]
93,[0.00084869]
94,[0.00084869]
95,[0.]
96,[0.]
97,[0.]
98,[0.]
1,[0.13559254]
2,[0.13559254]
3,[0.13559254]
4,[0.13559254]
5,[0.13559254]
6,[0.13559254]
7,[0.13559254]
8,[0.13559254]
9,[0.13559254]
1,[0.06580856]
2,[0.06580856]
3,[0.06580856]
4,[0.01848228]
5,[0.01848228]
6,[0.01848228]
7,[0.01848228]
8,[0.01848228]
9,[0.01848228]
10,[0.01848228]
11,[0.01848228]
12,[0.01848228]
13,[0.01848228]
14,[0.01848228]
15,[0.01848228]
16,[0.01848228]
17,[0.01848228]
18,[0.01848228]
19,[0.01848228]
20,[0.01848228]
21,[0.01848228]
22,[0.01848228]
23,[0.01848228]
24,[0.01848228]
25,[0.01848228]
26,[0.01848228]
27,[0.01848228]
28,[0.01848228]
29,[0.01848228]
30,[0.01848228]
31,[0.01848228]
32,[0.01848228]
33,[0.01848228]
34,[0.01848228]
35,[0.01848228]
36,[0.01848228]
37,[0.01848228]
38,[0.01100081]
39,[0.01100081]
40,[0.01100081]
41,[0.0037787]
42,[0.0037787]
43,[0.0037787]
44,[0.0037787]
45,[0.0037787]
46,[0.0037787]
47,[0.0037787]
48,[0.0037787]
49,[0.0037787]
50,[0.0037787]
51,[0.0037787]
52,[0.0037787]
53,[0.0037787]
54,[0.0037787]
55,[0.0037787]
56,[0.0037787]
57,[0.0037787]
58,[0.0037787]
59,[0.0037787]
60,[0.0037787]
61,[0.0037787]
62,[0.0037787]
63,[0.0037787]
64,[0.0037787]
65,[0.0037787]
66,[0.0037787]
67,[0.0037787]
68,[0.0037787]
69,[0.0037787]
70,[0.0037787]
1,[0.04534226]
1,[0.12469057]
2,[0.12469057]
3,[0.05552287]
4,[0.05552287]
5,[0.05552287]
6,[0.03564428]
7,[0.03564428]
8,[0.03564428]
9,[0.]
10,[0.]
11,[0.]
12,[0.]
13,[0.]
14,[0.]
15,[0.]
16,[0.]
17,[0.]
18,[0.]
19,[0.]
20,[0.]
21,[0.]
22,[0.]
23,[0.]
24,[0.]
25,[0.]
26,[0.]
27,[0.]
28,[0.]
29,[0.]
30,[0.]
31,[0.]
32,[0.]
33,[0.]
34,[0.]
35,[0.]
36,[0.]
37,[0.]
38,[0.]
39,[0.]
40,[0.]
41,[0.]
42,[0.]
43,[0.]
44,[0.]
45,[0.]
46,[0.]
47,[0.]
48,[0.]
49,[0.]
50,[0.]
51,[0.]
52,[0.]
53,[0.]
54,[0.]
55,[0.]
56,[0.]
57,[0.]
58,[0.]
59,[0.]
60,[0.]
61,[0.]
62,[0.]
63,[0.]
64,[0.]
65,[0.]
66,[0.]
67,[0.]
68,[0.]
69,[0.]
70,[0.]
71,[0.]
72,[0.]
73,[0.]
74,[0.]
75,[0.]
76,[0.]
77,[0.]
78,[0.]
79,[0.]
80,[0.]
81,[0.]
82,[0.]
83,[0.]
84,[0.]
85,[0.]
86,[0.]
87,[0.]
88,[0.]
89,[0.]
90,[0.]
91,[0.]
92,[0.]
93,[0.]
94,[0.]
95,[0.]
96,[0.]
97,[0.]
98,[0.]
99,[0.]
100,[0.]
1,[0.1288354]
2,[0.1288354]
3,[0.06782314]
4,[0.06782314]
5,[0.06782314]
6,[0.06782314]
7,[0.06782314]
8,[0.06782314]
9,[0.06782314]
10,[0.06782314]
11,[0.06782314]
12,[0.06782314]
13,[0.06782314]
14,[0.01314302]
15,[0.01314302]
16,[0.01314302]
17,[0.01314302]
18,[0.01314302]
19,[0.01314302]
20,[0.01314302]
21,[0.01314302]
22,[0.01314302]
23,[0.01314302]
24,[0.01314302]
25,[0.01314302]
26,[0.01314302]
27,[0.01314302]
28,[0.01314302]
29,[0.01314302]
30,[0.01314302]
31,[0.01314302]
32,[0.01314302]
33,[0.01314302]
34,[0.01314302]
35,[0.01314302]
36,[0.01314302]
37,[0.01314302]
38,[0.01314302]
39,[0.01314302]
40,[0.01314302]
41,[0.01314302]
42,[0.01314302]
43,[0.01314302]
44,[0.01314302]
45,[0.01314302]
46,[0.01314302]
47,[0.01314302]
48,[0.01314302]
49,[0.01314302]
50,[0.01314302]
51,[0.01314302]
52,[0.01314302]
53,[0.01314302]
54,[0.01314302]
55,[0.01314302]
56,[0.]
57,[0.]
58,[0.]
59,[0.]
60,[0.]
61,[0.]
62,[0.]
63,[0.]
64,[0.]
65,[0.]
66,[0.]
67,[0.]
68,[0.]
69,[0.]
70,[0.]
